"","rules","support","confidence","coverage","lift","count"
"1","{foundation} => {select}",0.0833333333333333,0.5,0.166666666666667,3,1
"2","{select} => {foundation}",0.0833333333333333,0.5,0.166666666666667,3,1
"3","{foundation} => {bronze}",0.0833333333333333,0.5,0.166666666666667,1.5,1
"4","{bronze} => {foundation}",0.0833333333333333,0.25,0.333333333333333,1.5,1
"5","{foundation} => {1st cust lasu / 2nd}",0.0833333333333333,0.5,0.166666666666667,1.5,1
"6","{1st cust lasu / 2nd} => {foundation}",0.0833333333333333,0.25,0.333333333333333,1.5,1
"7","{foundation} => {1st cust lasci / 2nd}",0.0833333333333333,0.5,0.166666666666667,1.2,1
"8","{foundation} => {silver}",0.166666666666667,1,0.166666666666667,2.4,2
"9","{silver} => {foundation}",0.166666666666667,0.4,0.416666666666667,2.4,2
"10","{foundation} => {1st cust-lasci /2nd}",0.166666666666667,1,0.166666666666667,2,2
"11","{1st cust-lasci /2nd} => {foundation}",0.166666666666667,0.333333333333333,0.5,2,2
"12","{foundation} => {1st cust-lasu/ 2nd c}",0.166666666666667,1,0.166666666666667,1.5,2
"13","{1st cust-lasu/ 2nd c} => {foundation}",0.166666666666667,0.25,0.666666666666667,1.5,2
"14","{foundation} => {plus}",0.166666666666667,1,0.166666666666667,1.5,2
"15","{plus} => {foundation}",0.166666666666667,0.25,0.666666666666667,1.5,2
"16","{foundation} => {gold}",0.166666666666667,1,0.166666666666667,1.33333333333333,2
"17","{foundation} => {1st cust - lasci / 2}",0.166666666666667,1,0.166666666666667,1.2,2
"18","{foundation} => {lasci}",0.166666666666667,1,0.166666666666667,1.09090909090909,2
"19","{foundation} => {joint lasu}",0.166666666666667,1,0.166666666666667,1.09090909090909,2
"20","{foundation} => {joint lasci}",0.166666666666667,1,0.166666666666667,1.09090909090909,2
"21","{foundation} => {joint}",0.166666666666667,1,0.166666666666667,1.09090909090909,2
"22","{foundation} => {1st cust - lasu / 2n}",0.166666666666667,1,0.166666666666667,1.09090909090909,2
"23","{foundation} => {life & critical illn}",0.166666666666667,1,0.166666666666667,1,2
"24","{foundation} => {other}",0.166666666666667,1,0.166666666666667,1,2
"25","{foundation} => {life & ci}",0.166666666666667,1,0.166666666666667,1,2
"26","{foundation} => {lasu}",0.166666666666667,1,0.166666666666667,1,2
"27","{foundation} => {single}",0.166666666666667,1,0.166666666666667,1,2
"28","{foundation} => {joint life & critica}",0.166666666666667,1,0.166666666666667,1,2
"29","{select} => {bronze}",0.0833333333333333,0.5,0.166666666666667,1.5,1
"30","{bronze} => {select}",0.0833333333333333,0.25,0.333333333333333,1.5,1
"31","{select} => {1st cust lasu / 2nd}",0.166666666666667,1,0.166666666666667,3,2
"32","{1st cust lasu / 2nd} => {select}",0.166666666666667,0.5,0.333333333333333,3,2
"33","{select} => {1st cust lasci / 2nd}",0.0833333333333333,0.5,0.166666666666667,1.2,1
"34","{select} => {silver}",0.166666666666667,1,0.166666666666667,2.4,2
"35","{silver} => {select}",0.166666666666667,0.4,0.416666666666667,2.4,2
"36","{select} => {1st cust-lasci /2nd}",0.166666666666667,1,0.166666666666667,2,2
"37","{1st cust-lasci /2nd} => {select}",0.166666666666667,0.333333333333333,0.5,2,2
"38","{select} => {1st cust-lasu/ 2nd c}",0.166666666666667,1,0.166666666666667,1.5,2
"39","{1st cust-lasu/ 2nd c} => {select}",0.166666666666667,0.25,0.666666666666667,1.5,2
"40","{select} => {plus}",0.166666666666667,1,0.166666666666667,1.5,2
"41","{plus} => {select}",0.166666666666667,0.25,0.666666666666667,1.5,2
"42","{select} => {gold}",0.166666666666667,1,0.166666666666667,1.33333333333333,2
"43","{select} => {1st cust - lasci / 2}",0.166666666666667,1,0.166666666666667,1.2,2
"44","{select} => {lasci}",0.166666666666667,1,0.166666666666667,1.09090909090909,2
"45","{select} => {joint lasu}",0.166666666666667,1,0.166666666666667,1.09090909090909,2
"46","{select} => {joint lasci}",0.166666666666667,1,0.166666666666667,1.09090909090909,2
"47","{select} => {joint}",0.166666666666667,1,0.166666666666667,1.09090909090909,2
"48","{select} => {1st cust - lasu / 2n}",0.166666666666667,1,0.166666666666667,1.09090909090909,2
"49","{select} => {life & critical illn}",0.166666666666667,1,0.166666666666667,1,2
"50","{select} => {other}",0.166666666666667,1,0.166666666666667,1,2
"51","{select} => {life & ci}",0.166666666666667,1,0.166666666666667,1,2
"52","{select} => {lasu}",0.166666666666667,1,0.166666666666667,1,2
"53","{select} => {single}",0.166666666666667,1,0.166666666666667,1,2
"54","{select} => {joint life & critica}",0.166666666666667,1,0.166666666666667,1,2
"55","{bronze} => {1st cust lasu / 2nd}",0.166666666666667,0.5,0.333333333333333,1.5,2
"56","{1st cust lasu / 2nd} => {bronze}",0.166666666666667,0.5,0.333333333333333,1.5,2
"57","{bronze} => {1st cust lasci / 2nd}",0.166666666666667,0.5,0.333333333333333,1.2,2
"58","{1st cust lasci / 2nd} => {bronze}",0.166666666666667,0.4,0.416666666666667,1.2,2
"59","{bronze} => {silver}",0.25,0.75,0.333333333333333,1.8,3
"60","{silver} => {bronze}",0.25,0.6,0.416666666666667,1.8,3
"61","{bronze} => {1st cust-lasci /2nd}",0.25,0.75,0.333333333333333,1.5,3
"62","{1st cust-lasci /2nd} => {bronze}",0.25,0.5,0.5,1.5,3
"63","{bronze} => {1st cust-lasu/ 2nd c}",0.166666666666667,0.5,0.333333333333333,0.75,2
"64","{1st cust-lasu/ 2nd c} => {bronze}",0.166666666666667,0.25,0.666666666666667,0.75,2
"65","{bronze} => {plus}",0.333333333333333,1,0.333333333333333,1.5,4
"66","{plus} => {bronze}",0.333333333333333,0.5,0.666666666666667,1.5,4
"67","{bronze} => {gold}",0.25,0.75,0.333333333333333,1,3
"68","{gold} => {bronze}",0.25,0.333333333333333,0.75,1,3
"69","{bronze} => {1st cust - lasci / 2}",0.25,0.75,0.333333333333333,0.9,3
"70","{1st cust - lasci / 2} => {bronze}",0.25,0.3,0.833333333333333,0.9,3
"71","{bronze} => {lasci}",0.333333333333333,1,0.333333333333333,1.09090909090909,4
"72","{lasci} => {bronze}",0.333333333333333,0.363636363636364,0.916666666666667,1.09090909090909,4
"73","{bronze} => {joint lasu}",0.333333333333333,1,0.333333333333333,1.09090909090909,4
"74","{joint lasu} => {bronze}",0.333333333333333,0.363636363636364,0.916666666666667,1.09090909090909,4
"75","{bronze} => {joint lasci}",0.333333333333333,1,0.333333333333333,1.09090909090909,4
"76","{joint lasci} => {bronze}",0.333333333333333,0.363636363636364,0.916666666666667,1.09090909090909,4
"77","{bronze} => {joint}",0.333333333333333,1,0.333333333333333,1.09090909090909,4
"78","{joint} => {bronze}",0.333333333333333,0.363636363636364,0.916666666666667,1.09090909090909,4
"79","{bronze} => {1st cust - lasu / 2n}",0.333333333333333,1,0.333333333333333,1.09090909090909,4
"80","{1st cust - lasu / 2n} => {bronze}",0.333333333333333,0.363636363636364,0.916666666666667,1.09090909090909,4
"81","{bronze} => {life & critical illn}",0.333333333333333,1,0.333333333333333,1,4
"82","{life & critical illn} => {bronze}",0.333333333333333,0.333333333333333,1,1,4
"83","{bronze} => {other}",0.333333333333333,1,0.333333333333333,1,4
"84","{other} => {bronze}",0.333333333333333,0.333333333333333,1,1,4
"85","{bronze} => {life & ci}",0.333333333333333,1,0.333333333333333,1,4
"86","{life & ci} => {bronze}",0.333333333333333,0.333333333333333,1,1,4
"87","{bronze} => {lasu}",0.333333333333333,1,0.333333333333333,1,4
"88","{lasu} => {bronze}",0.333333333333333,0.333333333333333,1,1,4
"89","{bronze} => {single}",0.333333333333333,1,0.333333333333333,1,4
"90","{single} => {bronze}",0.333333333333333,0.333333333333333,1,1,4
"91","{bronze} => {joint life & critica}",0.333333333333333,1,0.333333333333333,1,4
"92","{joint life & critica} => {bronze}",0.333333333333333,0.333333333333333,1,1,4
"93","{1st cust lasu / 2nd} => {1st cust lasci / 2nd}",0.166666666666667,0.5,0.333333333333333,1.2,2
"94","{1st cust lasci / 2nd} => {1st cust lasu / 2nd}",0.166666666666667,0.4,0.416666666666667,1.2,2
"95","{1st cust lasu / 2nd} => {silver}",0.25,0.75,0.333333333333333,1.8,3
"96","{silver} => {1st cust lasu / 2nd}",0.25,0.6,0.416666666666667,1.8,3
"97","{1st cust lasu / 2nd} => {1st cust-lasci /2nd}",0.25,0.75,0.333333333333333,1.5,3
"98","{1st cust-lasci /2nd} => {1st cust lasu / 2nd}",0.25,0.5,0.5,1.5,3
"99","{1st cust lasu / 2nd} => {1st cust-lasu/ 2nd c}",0.25,0.75,0.333333333333333,1.125,3
"100","{1st cust-lasu/ 2nd c} => {1st cust lasu / 2nd}",0.25,0.375,0.666666666666667,1.125,3
"101","{1st cust lasu / 2nd} => {plus}",0.333333333333333,1,0.333333333333333,1.5,4
"102","{plus} => {1st cust lasu / 2nd}",0.333333333333333,0.5,0.666666666666667,1.5,4
"103","{1st cust lasu / 2nd} => {gold}",0.333333333333333,1,0.333333333333333,1.33333333333333,4
"104","{gold} => {1st cust lasu / 2nd}",0.333333333333333,0.444444444444444,0.75,1.33333333333333,4
"105","{1st cust lasu / 2nd} => {1st cust - lasci / 2}",0.25,0.75,0.333333333333333,0.9,3
"106","{1st cust - lasci / 2} => {1st cust lasu / 2nd}",0.25,0.3,0.833333333333333,0.9,3
"107","{1st cust lasu / 2nd} => {lasci}",0.333333333333333,1,0.333333333333333,1.09090909090909,4
"108","{lasci} => {1st cust lasu / 2nd}",0.333333333333333,0.363636363636364,0.916666666666667,1.09090909090909,4
"109","{1st cust lasu / 2nd} => {joint lasu}",0.333333333333333,1,0.333333333333333,1.09090909090909,4
"110","{joint lasu} => {1st cust lasu / 2nd}",0.333333333333333,0.363636363636364,0.916666666666667,1.09090909090909,4
"111","{1st cust lasu / 2nd} => {joint lasci}",0.333333333333333,1,0.333333333333333,1.09090909090909,4
"112","{joint lasci} => {1st cust lasu / 2nd}",0.333333333333333,0.363636363636364,0.916666666666667,1.09090909090909,4
"113","{1st cust lasu / 2nd} => {joint}",0.333333333333333,1,0.333333333333333,1.09090909090909,4
"114","{joint} => {1st cust lasu / 2nd}",0.333333333333333,0.363636363636364,0.916666666666667,1.09090909090909,4
"115","{1st cust lasu / 2nd} => {1st cust - lasu / 2n}",0.333333333333333,1,0.333333333333333,1.09090909090909,4
"116","{1st cust - lasu / 2n} => {1st cust lasu / 2nd}",0.333333333333333,0.363636363636364,0.916666666666667,1.09090909090909,4
"117","{1st cust lasu / 2nd} => {life & critical illn}",0.333333333333333,1,0.333333333333333,1,4
"118","{life & critical illn} => {1st cust lasu / 2nd}",0.333333333333333,0.333333333333333,1,1,4
"119","{1st cust lasu / 2nd} => {other}",0.333333333333333,1,0.333333333333333,1,4
"120","{other} => {1st cust lasu / 2nd}",0.333333333333333,0.333333333333333,1,1,4
"121","{1st cust lasu / 2nd} => {life & ci}",0.333333333333333,1,0.333333333333333,1,4
"122","{life & ci} => {1st cust lasu / 2nd}",0.333333333333333,0.333333333333333,1,1,4
"123","{1st cust lasu / 2nd} => {lasu}",0.333333333333333,1,0.333333333333333,1,4
"124","{lasu} => {1st cust lasu / 2nd}",0.333333333333333,0.333333333333333,1,1,4
"125","{1st cust lasu / 2nd} => {single}",0.333333333333333,1,0.333333333333333,1,4
"126","{single} => {1st cust lasu / 2nd}",0.333333333333333,0.333333333333333,1,1,4
"127","{1st cust lasu / 2nd} => {joint life & critica}",0.333333333333333,1,0.333333333333333,1,4
"128","{joint life & critica} => {1st cust lasu / 2nd}",0.333333333333333,0.333333333333333,1,1,4
"129","{1st cust lasci / 2nd} => {silver}",0.25,0.6,0.416666666666667,1.44,3
"130","{silver} => {1st cust lasci / 2nd}",0.25,0.6,0.416666666666667,1.44,3
"131","{1st cust lasci / 2nd} => {1st cust-lasci /2nd}",0.25,0.6,0.416666666666667,1.2,3
"132","{1st cust-lasci /2nd} => {1st cust lasci / 2nd}",0.25,0.5,0.5,1.2,3
"133","{1st cust lasci / 2nd} => {1st cust-lasu/ 2nd c}",0.416666666666667,1,0.416666666666667,1.5,5
"134","{1st cust-lasu/ 2nd c} => {1st cust lasci / 2nd}",0.416666666666667,0.625,0.666666666666667,1.5,5
"135","{1st cust lasci / 2nd} => {plus}",0.333333333333333,0.8,0.416666666666667,1.2,4
"136","{plus} => {1st cust lasci / 2nd}",0.333333333333333,0.5,0.666666666666667,1.2,4
"137","{1st cust lasci / 2nd} => {gold}",0.416666666666667,1,0.416666666666667,1.33333333333333,5
"138","{gold} => {1st cust lasci / 2nd}",0.416666666666667,0.555555555555556,0.75,1.33333333333333,5
"139","{1st cust lasci / 2nd} => {1st cust - lasci / 2}",0.416666666666667,1,0.416666666666667,1.2,5
"140","{1st cust - lasci / 2} => {1st cust lasci / 2nd}",0.416666666666667,0.5,0.833333333333333,1.2,5
"141","{1st cust lasci / 2nd} => {lasci}",0.416666666666667,1,0.416666666666667,1.09090909090909,5
"142","{lasci} => {1st cust lasci / 2nd}",0.416666666666667,0.454545454545455,0.916666666666667,1.09090909090909,5
"143","{1st cust lasci / 2nd} => {joint lasu}",0.416666666666667,1,0.416666666666667,1.09090909090909,5
"144","{joint lasu} => {1st cust lasci / 2nd}",0.416666666666667,0.454545454545455,0.916666666666667,1.09090909090909,5
"145","{1st cust lasci / 2nd} => {joint lasci}",0.416666666666667,1,0.416666666666667,1.09090909090909,5
"146","{joint lasci} => {1st cust lasci / 2nd}",0.416666666666667,0.454545454545455,0.916666666666667,1.09090909090909,5
"147","{1st cust lasci / 2nd} => {joint}",0.416666666666667,1,0.416666666666667,1.09090909090909,5
"148","{joint} => {1st cust lasci / 2nd}",0.416666666666667,0.454545454545455,0.916666666666667,1.09090909090909,5
"149","{1st cust lasci / 2nd} => {1st cust - lasu / 2n}",0.416666666666667,1,0.416666666666667,1.09090909090909,5
"150","{1st cust - lasu / 2n} => {1st cust lasci / 2nd}",0.416666666666667,0.454545454545455,0.916666666666667,1.09090909090909,5
"151","{1st cust lasci / 2nd} => {life & critical illn}",0.416666666666667,1,0.416666666666667,1,5
"152","{life & critical illn} => {1st cust lasci / 2nd}",0.416666666666667,0.416666666666667,1,1,5
"153","{1st cust lasci / 2nd} => {other}",0.416666666666667,1,0.416666666666667,1,5
"154","{other} => {1st cust lasci / 2nd}",0.416666666666667,0.416666666666667,1,1,5
"155","{1st cust lasci / 2nd} => {life & ci}",0.416666666666667,1,0.416666666666667,1,5
"156","{life & ci} => {1st cust lasci / 2nd}",0.416666666666667,0.416666666666667,1,1,5
"157","{1st cust lasci / 2nd} => {lasu}",0.416666666666667,1,0.416666666666667,1,5
"158","{lasu} => {1st cust lasci / 2nd}",0.416666666666667,0.416666666666667,1,1,5
"159","{1st cust lasci / 2nd} => {single}",0.416666666666667,1,0.416666666666667,1,5
"160","{single} => {1st cust lasci / 2nd}",0.416666666666667,0.416666666666667,1,1,5
"161","{1st cust lasci / 2nd} => {joint life & critica}",0.416666666666667,1,0.416666666666667,1,5
"162","{joint life & critica} => {1st cust lasci / 2nd}",0.416666666666667,0.416666666666667,1,1,5
"163","{silver} => {1st cust-lasci /2nd}",0.25,0.6,0.416666666666667,1.2,3
"164","{1st cust-lasci /2nd} => {silver}",0.25,0.5,0.5,1.2,3
"165","{silver} => {1st cust-lasu/ 2nd c}",0.333333333333333,0.8,0.416666666666667,1.2,4
"166","{1st cust-lasu/ 2nd c} => {silver}",0.333333333333333,0.5,0.666666666666667,1.2,4
"167","{silver} => {plus}",0.416666666666667,1,0.416666666666667,1.5,5
"168","{plus} => {silver}",0.416666666666667,0.625,0.666666666666667,1.5,5
"169","{silver} => {gold}",0.416666666666667,1,0.416666666666667,1.33333333333333,5
"170","{gold} => {silver}",0.416666666666667,0.555555555555556,0.75,1.33333333333333,5
"171","{silver} => {1st cust - lasci / 2}",0.333333333333333,0.8,0.416666666666667,0.96,4
"172","{1st cust - lasci / 2} => {silver}",0.333333333333333,0.4,0.833333333333333,0.96,4
"173","{silver} => {lasci}",0.416666666666667,1,0.416666666666667,1.09090909090909,5
"174","{lasci} => {silver}",0.416666666666667,0.454545454545455,0.916666666666667,1.09090909090909,5
"175","{silver} => {joint lasu}",0.416666666666667,1,0.416666666666667,1.09090909090909,5
"176","{joint lasu} => {silver}",0.416666666666667,0.454545454545455,0.916666666666667,1.09090909090909,5
"177","{silver} => {joint lasci}",0.416666666666667,1,0.416666666666667,1.09090909090909,5
"178","{joint lasci} => {silver}",0.416666666666667,0.454545454545455,0.916666666666667,1.09090909090909,5
"179","{silver} => {joint}",0.416666666666667,1,0.416666666666667,1.09090909090909,5
"180","{joint} => {silver}",0.416666666666667,0.454545454545455,0.916666666666667,1.09090909090909,5
"181","{silver} => {1st cust - lasu / 2n}",0.416666666666667,1,0.416666666666667,1.09090909090909,5
"182","{1st cust - lasu / 2n} => {silver}",0.416666666666667,0.454545454545455,0.916666666666667,1.09090909090909,5
"183","{silver} => {life & critical illn}",0.416666666666667,1,0.416666666666667,1,5
"184","{life & critical illn} => {silver}",0.416666666666667,0.416666666666667,1,1,5
"185","{silver} => {other}",0.416666666666667,1,0.416666666666667,1,5
"186","{other} => {silver}",0.416666666666667,0.416666666666667,1,1,5
"187","{silver} => {life & ci}",0.416666666666667,1,0.416666666666667,1,5
"188","{life & ci} => {silver}",0.416666666666667,0.416666666666667,1,1,5
"189","{silver} => {lasu}",0.416666666666667,1,0.416666666666667,1,5
"190","{lasu} => {silver}",0.416666666666667,0.416666666666667,1,1,5
"191","{silver} => {single}",0.416666666666667,1,0.416666666666667,1,5
"192","{single} => {silver}",0.416666666666667,0.416666666666667,1,1,5
"193","{silver} => {joint life & critica}",0.416666666666667,1,0.416666666666667,1,5
"194","{joint life & critica} => {silver}",0.416666666666667,0.416666666666667,1,1,5
"195","{1st cust-lasci /2nd} => {1st cust-lasu/ 2nd c}",0.416666666666667,0.833333333333333,0.5,1.25,5
"196","{1st cust-lasu/ 2nd c} => {1st cust-lasci /2nd}",0.416666666666667,0.625,0.666666666666667,1.25,5
"197","{1st cust-lasci /2nd} => {plus}",0.416666666666667,0.833333333333333,0.5,1.25,5
"198","{plus} => {1st cust-lasci /2nd}",0.416666666666667,0.625,0.666666666666667,1.25,5
"199","{1st cust-lasci /2nd} => {gold}",0.333333333333333,0.666666666666667,0.5,0.888888888888889,4
"200","{gold} => {1st cust-lasci /2nd}",0.333333333333333,0.444444444444444,0.75,0.888888888888889,4
"201","{1st cust-lasci /2nd} => {1st cust - lasci / 2}",0.5,1,0.5,1.2,6
"202","{1st cust - lasci / 2} => {1st cust-lasci /2nd}",0.5,0.6,0.833333333333333,1.2,6
"203","{1st cust-lasci /2nd} => {lasci}",0.5,1,0.5,1.09090909090909,6
"204","{lasci} => {1st cust-lasci /2nd}",0.5,0.545454545454545,0.916666666666667,1.09090909090909,6
"205","{1st cust-lasci /2nd} => {joint lasu}",0.5,1,0.5,1.09090909090909,6
"206","{joint lasu} => {1st cust-lasci /2nd}",0.5,0.545454545454545,0.916666666666667,1.09090909090909,6
"207","{1st cust-lasci /2nd} => {joint lasci}",0.5,1,0.5,1.09090909090909,6
"208","{joint lasci} => {1st cust-lasci /2nd}",0.5,0.545454545454545,0.916666666666667,1.09090909090909,6
"209","{1st cust-lasci /2nd} => {joint}",0.5,1,0.5,1.09090909090909,6
"210","{joint} => {1st cust-lasci /2nd}",0.5,0.545454545454545,0.916666666666667,1.09090909090909,6
"211","{1st cust-lasci /2nd} => {1st cust - lasu / 2n}",0.5,1,0.5,1.09090909090909,6
"212","{1st cust - lasu / 2n} => {1st cust-lasci /2nd}",0.5,0.545454545454545,0.916666666666667,1.09090909090909,6
"213","{1st cust-lasci /2nd} => {life & critical illn}",0.5,1,0.5,1,6
"214","{life & critical illn} => {1st cust-lasci /2nd}",0.5,0.5,1,1,6
"215","{1st cust-lasci /2nd} => {other}",0.5,1,0.5,1,6
"216","{other} => {1st cust-lasci /2nd}",0.5,0.5,1,1,6
"217","{1st cust-lasci /2nd} => {life & ci}",0.5,1,0.5,1,6
"218","{life & ci} => {1st cust-lasci /2nd}",0.5,0.5,1,1,6
"219","{1st cust-lasci /2nd} => {lasu}",0.5,1,0.5,1,6
"220","{lasu} => {1st cust-lasci /2nd}",0.5,0.5,1,1,6
"221","{1st cust-lasci /2nd} => {single}",0.5,1,0.5,1,6
"222","{single} => {1st cust-lasci /2nd}",0.5,0.5,1,1,6
"223","{1st cust-lasci /2nd} => {joint life & critica}",0.5,1,0.5,1,6
"224","{joint life & critica} => {1st cust-lasci /2nd}",0.5,0.5,1,1,6
"225","{1st cust-lasu/ 2nd c} => {plus}",0.5,0.75,0.666666666666667,1.125,6
"226","{plus} => {1st cust-lasu/ 2nd c}",0.5,0.75,0.666666666666667,1.125,6
"227","{1st cust-lasu/ 2nd c} => {gold}",0.583333333333333,0.875,0.666666666666667,1.16666666666667,7
"228","{gold} => {1st cust-lasu/ 2nd c}",0.583333333333333,0.777777777777778,0.75,1.16666666666667,7
"229","{1st cust-lasu/ 2nd c} => {1st cust - lasci / 2}",0.666666666666667,1,0.666666666666667,1.2,8
"230","{1st cust - lasci / 2} => {1st cust-lasu/ 2nd c}",0.666666666666667,0.8,0.833333333333333,1.2,8
"231","{1st cust-lasu/ 2nd c} => {lasci}",0.666666666666667,1,0.666666666666667,1.09090909090909,8
"232","{lasci} => {1st cust-lasu/ 2nd c}",0.666666666666667,0.727272727272727,0.916666666666667,1.09090909090909,8
"233","{1st cust-lasu/ 2nd c} => {joint lasu}",0.666666666666667,1,0.666666666666667,1.09090909090909,8
"234","{joint lasu} => {1st cust-lasu/ 2nd c}",0.666666666666667,0.727272727272727,0.916666666666667,1.09090909090909,8
"235","{1st cust-lasu/ 2nd c} => {joint lasci}",0.666666666666667,1,0.666666666666667,1.09090909090909,8
"236","{joint lasci} => {1st cust-lasu/ 2nd c}",0.666666666666667,0.727272727272727,0.916666666666667,1.09090909090909,8
"237","{1st cust-lasu/ 2nd c} => {joint}",0.666666666666667,1,0.666666666666667,1.09090909090909,8
"238","{joint} => {1st cust-lasu/ 2nd c}",0.666666666666667,0.727272727272727,0.916666666666667,1.09090909090909,8
"239","{1st cust-lasu/ 2nd c} => {1st cust - lasu / 2n}",0.666666666666667,1,0.666666666666667,1.09090909090909,8
"240","{1st cust - lasu / 2n} => {1st cust-lasu/ 2nd c}",0.666666666666667,0.727272727272727,0.916666666666667,1.09090909090909,8
"241","{1st cust-lasu/ 2nd c} => {life & critical illn}",0.666666666666667,1,0.666666666666667,1,8
"242","{life & critical illn} => {1st cust-lasu/ 2nd c}",0.666666666666667,0.666666666666667,1,1,8
"243","{1st cust-lasu/ 2nd c} => {other}",0.666666666666667,1,0.666666666666667,1,8
"244","{other} => {1st cust-lasu/ 2nd c}",0.666666666666667,0.666666666666667,1,1,8
"245","{1st cust-lasu/ 2nd c} => {life & ci}",0.666666666666667,1,0.666666666666667,1,8
"246","{life & ci} => {1st cust-lasu/ 2nd c}",0.666666666666667,0.666666666666667,1,1,8
"247","{1st cust-lasu/ 2nd c} => {lasu}",0.666666666666667,1,0.666666666666667,1,8
"248","{lasu} => {1st cust-lasu/ 2nd c}",0.666666666666667,0.666666666666667,1,1,8
"249","{1st cust-lasu/ 2nd c} => {single}",0.666666666666667,1,0.666666666666667,1,8
"250","{single} => {1st cust-lasu/ 2nd c}",0.666666666666667,0.666666666666667,1,1,8
"251","{1st cust-lasu/ 2nd c} => {joint life & critica}",0.666666666666667,1,0.666666666666667,1,8
"252","{joint life & critica} => {1st cust-lasu/ 2nd c}",0.666666666666667,0.666666666666667,1,1,8
"253","{plus} => {gold}",0.583333333333333,0.875,0.666666666666667,1.16666666666667,7
"254","{gold} => {plus}",0.583333333333333,0.777777777777778,0.75,1.16666666666667,7
"255","{plus} => {1st cust - lasci / 2}",0.583333333333333,0.875,0.666666666666667,1.05,7
"256","{1st cust - lasci / 2} => {plus}",0.583333333333333,0.7,0.833333333333333,1.05,7
"257","{plus} => {lasci}",0.666666666666667,1,0.666666666666667,1.09090909090909,8
"258","{lasci} => {plus}",0.666666666666667,0.727272727272727,0.916666666666667,1.09090909090909,8
"259","{plus} => {joint lasu}",0.666666666666667,1,0.666666666666667,1.09090909090909,8
"260","{joint lasu} => {plus}",0.666666666666667,0.727272727272727,0.916666666666667,1.09090909090909,8
"261","{plus} => {joint lasci}",0.666666666666667,1,0.666666666666667,1.09090909090909,8
"262","{joint lasci} => {plus}",0.666666666666667,0.727272727272727,0.916666666666667,1.09090909090909,8
"263","{plus} => {joint}",0.666666666666667,1,0.666666666666667,1.09090909090909,8
"264","{joint} => {plus}",0.666666666666667,0.727272727272727,0.916666666666667,1.09090909090909,8
"265","{plus} => {1st cust - lasu / 2n}",0.666666666666667,1,0.666666666666667,1.09090909090909,8
"266","{1st cust - lasu / 2n} => {plus}",0.666666666666667,0.727272727272727,0.916666666666667,1.09090909090909,8
"267","{plus} => {life & critical illn}",0.666666666666667,1,0.666666666666667,1,8
"268","{life & critical illn} => {plus}",0.666666666666667,0.666666666666667,1,1,8
"269","{plus} => {other}",0.666666666666667,1,0.666666666666667,1,8
"270","{other} => {plus}",0.666666666666667,0.666666666666667,1,1,8
"271","{plus} => {life & ci}",0.666666666666667,1,0.666666666666667,1,8
"272","{life & ci} => {plus}",0.666666666666667,0.666666666666667,1,1,8
"273","{plus} => {lasu}",0.666666666666667,1,0.666666666666667,1,8
"274","{lasu} => {plus}",0.666666666666667,0.666666666666667,1,1,8
"275","{plus} => {single}",0.666666666666667,1,0.666666666666667,1,8
"276","{single} => {plus}",0.666666666666667,0.666666666666667,1,1,8
"277","{plus} => {joint life & critica}",0.666666666666667,1,0.666666666666667,1,8
"278","{joint life & critica} => {plus}",0.666666666666667,0.666666666666667,1,1,8
"279","{gold} => {1st cust - lasci / 2}",0.666666666666667,0.888888888888889,0.75,1.06666666666667,8
"280","{1st cust - lasci / 2} => {gold}",0.666666666666667,0.8,0.833333333333333,1.06666666666667,8
"281","{gold} => {lasci}",0.75,1,0.75,1.09090909090909,9
"282","{lasci} => {gold}",0.75,0.818181818181818,0.916666666666667,1.09090909090909,9
"283","{gold} => {joint lasu}",0.75,1,0.75,1.09090909090909,9
"284","{joint lasu} => {gold}",0.75,0.818181818181818,0.916666666666667,1.09090909090909,9
"285","{gold} => {joint lasci}",0.75,1,0.75,1.09090909090909,9
"286","{joint lasci} => {gold}",0.75,0.818181818181818,0.916666666666667,1.09090909090909,9
"287","{gold} => {joint}",0.75,1,0.75,1.09090909090909,9
"288","{joint} => {gold}",0.75,0.818181818181818,0.916666666666667,1.09090909090909,9
"289","{gold} => {1st cust - lasu / 2n}",0.75,1,0.75,1.09090909090909,9
"290","{1st cust - lasu / 2n} => {gold}",0.75,0.818181818181818,0.916666666666667,1.09090909090909,9
"291","{gold} => {life & critical illn}",0.75,1,0.75,1,9
"292","{life & critical illn} => {gold}",0.75,0.75,1,1,9
"293","{gold} => {other}",0.75,1,0.75,1,9
"294","{other} => {gold}",0.75,0.75,1,1,9
"295","{gold} => {life & ci}",0.75,1,0.75,1,9
"296","{life & ci} => {gold}",0.75,0.75,1,1,9
"297","{gold} => {lasu}",0.75,1,0.75,1,9
"298","{lasu} => {gold}",0.75,0.75,1,1,9
"299","{gold} => {single}",0.75,1,0.75,1,9
"300","{single} => {gold}",0.75,0.75,1,1,9
"301","{gold} => {joint life & critica}",0.75,1,0.75,1,9
"302","{joint life & critica} => {gold}",0.75,0.75,1,1,9
"303","{1st cust - lasci / 2} => {lasci}",0.833333333333333,1,0.833333333333333,1.09090909090909,10
"304","{lasci} => {1st cust - lasci / 2}",0.833333333333333,0.909090909090909,0.916666666666667,1.09090909090909,10
"305","{1st cust - lasci / 2} => {joint lasu}",0.833333333333333,1,0.833333333333333,1.09090909090909,10
"306","{joint lasu} => {1st cust - lasci / 2}",0.833333333333333,0.909090909090909,0.916666666666667,1.09090909090909,10
"307","{1st cust - lasci / 2} => {joint lasci}",0.833333333333333,1,0.833333333333333,1.09090909090909,10
"308","{joint lasci} => {1st cust - lasci / 2}",0.833333333333333,0.909090909090909,0.916666666666667,1.09090909090909,10
"309","{1st cust - lasci / 2} => {joint}",0.833333333333333,1,0.833333333333333,1.09090909090909,10
"310","{joint} => {1st cust - lasci / 2}",0.833333333333333,0.909090909090909,0.916666666666667,1.09090909090909,10
"311","{1st cust - lasci / 2} => {1st cust - lasu / 2n}",0.833333333333333,1,0.833333333333333,1.09090909090909,10
"312","{1st cust - lasu / 2n} => {1st cust - lasci / 2}",0.833333333333333,0.909090909090909,0.916666666666667,1.09090909090909,10
"313","{1st cust - lasci / 2} => {life & critical illn}",0.833333333333333,1,0.833333333333333,1,10
"314","{life & critical illn} => {1st cust - lasci / 2}",0.833333333333333,0.833333333333333,1,1,10
"315","{1st cust - lasci / 2} => {other}",0.833333333333333,1,0.833333333333333,1,10
"316","{other} => {1st cust - lasci / 2}",0.833333333333333,0.833333333333333,1,1,10
"317","{1st cust - lasci / 2} => {life & ci}",0.833333333333333,1,0.833333333333333,1,10
"318","{life & ci} => {1st cust - lasci / 2}",0.833333333333333,0.833333333333333,1,1,10
"319","{1st cust - lasci / 2} => {lasu}",0.833333333333333,1,0.833333333333333,1,10
"320","{lasu} => {1st cust - lasci / 2}",0.833333333333333,0.833333333333333,1,1,10
"321","{1st cust - lasci / 2} => {single}",0.833333333333333,1,0.833333333333333,1,10
"322","{single} => {1st cust - lasci / 2}",0.833333333333333,0.833333333333333,1,1,10
"323","{1st cust - lasci / 2} => {joint life & critica}",0.833333333333333,1,0.833333333333333,1,10
"324","{joint life & critica} => {1st cust - lasci / 2}",0.833333333333333,0.833333333333333,1,1,10
"325","{lasci} => {joint lasu}",0.916666666666667,1,0.916666666666667,1.09090909090909,11
"326","{joint lasu} => {lasci}",0.916666666666667,1,0.916666666666667,1.09090909090909,11
"327","{lasci} => {joint lasci}",0.916666666666667,1,0.916666666666667,1.09090909090909,11
"328","{joint lasci} => {lasci}",0.916666666666667,1,0.916666666666667,1.09090909090909,11
"329","{lasci} => {joint}",0.916666666666667,1,0.916666666666667,1.09090909090909,11
"330","{joint} => {lasci}",0.916666666666667,1,0.916666666666667,1.09090909090909,11
"331","{lasci} => {1st cust - lasu / 2n}",0.916666666666667,1,0.916666666666667,1.09090909090909,11
"332","{1st cust - lasu / 2n} => {lasci}",0.916666666666667,1,0.916666666666667,1.09090909090909,11
"333","{lasci} => {life & critical illn}",0.916666666666667,1,0.916666666666667,1,11
"334","{life & critical illn} => {lasci}",0.916666666666667,0.916666666666667,1,1,11
"335","{lasci} => {other}",0.916666666666667,1,0.916666666666667,1,11
"336","{other} => {lasci}",0.916666666666667,0.916666666666667,1,1,11
"337","{lasci} => {life & ci}",0.916666666666667,1,0.916666666666667,1,11
"338","{life & ci} => {lasci}",0.916666666666667,0.916666666666667,1,1,11
"339","{lasci} => {lasu}",0.916666666666667,1,0.916666666666667,1,11
"340","{lasu} => {lasci}",0.916666666666667,0.916666666666667,1,1,11
"341","{lasci} => {single}",0.916666666666667,1,0.916666666666667,1,11
"342","{single} => {lasci}",0.916666666666667,0.916666666666667,1,1,11
"343","{lasci} => {joint life & critica}",0.916666666666667,1,0.916666666666667,1,11
"344","{joint life & critica} => {lasci}",0.916666666666667,0.916666666666667,1,1,11
"345","{joint lasu} => {joint lasci}",0.916666666666667,1,0.916666666666667,1.09090909090909,11
"346","{joint lasci} => {joint lasu}",0.916666666666667,1,0.916666666666667,1.09090909090909,11
"347","{joint lasu} => {joint}",0.916666666666667,1,0.916666666666667,1.09090909090909,11
"348","{joint} => {joint lasu}",0.916666666666667,1,0.916666666666667,1.09090909090909,11
"349","{joint lasu} => {1st cust - lasu / 2n}",0.916666666666667,1,0.916666666666667,1.09090909090909,11
"350","{1st cust - lasu / 2n} => {joint lasu}",0.916666666666667,1,0.916666666666667,1.09090909090909,11
"351","{joint lasu} => {life & critical illn}",0.916666666666667,1,0.916666666666667,1,11
"352","{life & critical illn} => {joint lasu}",0.916666666666667,0.916666666666667,1,1,11
"353","{joint lasu} => {other}",0.916666666666667,1,0.916666666666667,1,11
"354","{other} => {joint lasu}",0.916666666666667,0.916666666666667,1,1,11
"355","{joint lasu} => {life & ci}",0.916666666666667,1,0.916666666666667,1,11
"356","{life & ci} => {joint lasu}",0.916666666666667,0.916666666666667,1,1,11
"357","{joint lasu} => {lasu}",0.916666666666667,1,0.916666666666667,1,11
"358","{lasu} => {joint lasu}",0.916666666666667,0.916666666666667,1,1,11
"359","{joint lasu} => {single}",0.916666666666667,1,0.916666666666667,1,11
"360","{single} => {joint lasu}",0.916666666666667,0.916666666666667,1,1,11
"361","{joint lasu} => {joint life & critica}",0.916666666666667,1,0.916666666666667,1,11
"362","{joint life & critica} => {joint lasu}",0.916666666666667,0.916666666666667,1,1,11
"363","{joint lasci} => {joint}",0.916666666666667,1,0.916666666666667,1.09090909090909,11
"364","{joint} => {joint lasci}",0.916666666666667,1,0.916666666666667,1.09090909090909,11
"365","{joint lasci} => {1st cust - lasu / 2n}",0.916666666666667,1,0.916666666666667,1.09090909090909,11
"366","{1st cust - lasu / 2n} => {joint lasci}",0.916666666666667,1,0.916666666666667,1.09090909090909,11
"367","{joint lasci} => {life & critical illn}",0.916666666666667,1,0.916666666666667,1,11
"368","{life & critical illn} => {joint lasci}",0.916666666666667,0.916666666666667,1,1,11
"369","{joint lasci} => {other}",0.916666666666667,1,0.916666666666667,1,11
"370","{other} => {joint lasci}",0.916666666666667,0.916666666666667,1,1,11
"371","{joint lasci} => {life & ci}",0.916666666666667,1,0.916666666666667,1,11
"372","{life & ci} => {joint lasci}",0.916666666666667,0.916666666666667,1,1,11
"373","{joint lasci} => {lasu}",0.916666666666667,1,0.916666666666667,1,11
"374","{lasu} => {joint lasci}",0.916666666666667,0.916666666666667,1,1,11
"375","{joint lasci} => {single}",0.916666666666667,1,0.916666666666667,1,11
"376","{single} => {joint lasci}",0.916666666666667,0.916666666666667,1,1,11
"377","{joint lasci} => {joint life & critica}",0.916666666666667,1,0.916666666666667,1,11
"378","{joint life & critica} => {joint lasci}",0.916666666666667,0.916666666666667,1,1,11
"379","{joint} => {1st cust - lasu / 2n}",0.916666666666667,1,0.916666666666667,1.09090909090909,11
"380","{1st cust - lasu / 2n} => {joint}",0.916666666666667,1,0.916666666666667,1.09090909090909,11
"381","{joint} => {life & critical illn}",0.916666666666667,1,0.916666666666667,1,11
"382","{life & critical illn} => {joint}",0.916666666666667,0.916666666666667,1,1,11
"383","{joint} => {other}",0.916666666666667,1,0.916666666666667,1,11
"384","{other} => {joint}",0.916666666666667,0.916666666666667,1,1,11
"385","{joint} => {life & ci}",0.916666666666667,1,0.916666666666667,1,11
"386","{life & ci} => {joint}",0.916666666666667,0.916666666666667,1,1,11
"387","{joint} => {lasu}",0.916666666666667,1,0.916666666666667,1,11
"388","{lasu} => {joint}",0.916666666666667,0.916666666666667,1,1,11
"389","{joint} => {single}",0.916666666666667,1,0.916666666666667,1,11
"390","{single} => {joint}",0.916666666666667,0.916666666666667,1,1,11
"391","{joint} => {joint life & critica}",0.916666666666667,1,0.916666666666667,1,11
"392","{joint life & critica} => {joint}",0.916666666666667,0.916666666666667,1,1,11
"393","{1st cust - lasu / 2n} => {life & critical illn}",0.916666666666667,1,0.916666666666667,1,11
"394","{life & critical illn} => {1st cust - lasu / 2n}",0.916666666666667,0.916666666666667,1,1,11
"395","{1st cust - lasu / 2n} => {other}",0.916666666666667,1,0.916666666666667,1,11
"396","{other} => {1st cust - lasu / 2n}",0.916666666666667,0.916666666666667,1,1,11
"397","{1st cust - lasu / 2n} => {life & ci}",0.916666666666667,1,0.916666666666667,1,11
"398","{life & ci} => {1st cust - lasu / 2n}",0.916666666666667,0.916666666666667,1,1,11
"399","{1st cust - lasu / 2n} => {lasu}",0.916666666666667,1,0.916666666666667,1,11
"400","{lasu} => {1st cust - lasu / 2n}",0.916666666666667,0.916666666666667,1,1,11
"401","{1st cust - lasu / 2n} => {single}",0.916666666666667,1,0.916666666666667,1,11
"402","{single} => {1st cust - lasu / 2n}",0.916666666666667,0.916666666666667,1,1,11
"403","{1st cust - lasu / 2n} => {joint life & critica}",0.916666666666667,1,0.916666666666667,1,11
"404","{joint life & critica} => {1st cust - lasu / 2n}",0.916666666666667,0.916666666666667,1,1,11
"405","{life & critical illn} => {other}",1,1,1,1,12
"406","{other} => {life & critical illn}",1,1,1,1,12
"407","{life & critical illn} => {life & ci}",1,1,1,1,12
"408","{life & ci} => {life & critical illn}",1,1,1,1,12
"409","{life & critical illn} => {lasu}",1,1,1,1,12
"410","{lasu} => {life & critical illn}",1,1,1,1,12
"411","{life & critical illn} => {single}",1,1,1,1,12
"412","{single} => {life & critical illn}",1,1,1,1,12
"413","{life & critical illn} => {joint life & critica}",1,1,1,1,12
"414","{joint life & critica} => {life & critical illn}",1,1,1,1,12
"415","{other} => {life & ci}",1,1,1,1,12
"416","{life & ci} => {other}",1,1,1,1,12
"417","{other} => {lasu}",1,1,1,1,12
"418","{lasu} => {other}",1,1,1,1,12
"419","{other} => {single}",1,1,1,1,12
"420","{single} => {other}",1,1,1,1,12
"421","{other} => {joint life & critica}",1,1,1,1,12
"422","{joint life & critica} => {other}",1,1,1,1,12
"423","{life & ci} => {lasu}",1,1,1,1,12
"424","{lasu} => {life & ci}",1,1,1,1,12
"425","{life & ci} => {single}",1,1,1,1,12
"426","{single} => {life & ci}",1,1,1,1,12
"427","{life & ci} => {joint life & critica}",1,1,1,1,12
"428","{joint life & critica} => {life & ci}",1,1,1,1,12
"429","{lasu} => {single}",1,1,1,1,12
"430","{single} => {lasu}",1,1,1,1,12
"431","{lasu} => {joint life & critica}",1,1,1,1,12
"432","{joint life & critica} => {lasu}",1,1,1,1,12
"433","{single} => {joint life & critica}",1,1,1,1,12
"434","{joint life & critica} => {single}",1,1,1,1,12
"436","{1st cust lasu / 2nd,foundation} => {select}",0.0833333333333333,1,0.0833333333333333,6,1
"489","{bronze,foundation} => {1st cust lasci / 2nd}",0.0833333333333333,1,0.0833333333333333,2.4,1
"490","{1st cust lasci / 2nd,foundation} => {bronze}",0.0833333333333333,1,0.0833333333333333,3,1
"491","{1st cust lasci / 2nd,bronze} => {foundation}",0.0833333333333333,0.5,0.166666666666667,3,1
"500","{1st cust-lasu/ 2nd c,bronze} => {foundation}",0.0833333333333333,0.5,0.166666666666667,3,1
"506","{bronze,gold} => {foundation}",0.0833333333333333,0.333333333333333,0.25,2,1
"509","{1st cust - lasci / 2,bronze} => {foundation}",0.0833333333333333,0.333333333333333,0.25,2,1
"551","{1st cust-lasu/ 2nd c,1st cust lasu / 2nd} => {foundation}",0.0833333333333333,0.333333333333333,0.25,2,1
"560","{1st cust - lasci / 2,1st cust lasu / 2nd} => {foundation}",0.0833333333333333,0.333333333333333,0.25,2,1
"633","{1st cust-lasci /2nd,silver} => {foundation}",0.166666666666667,0.666666666666667,0.25,4,2
"636","{1st cust-lasu/ 2nd c,silver} => {foundation}",0.166666666666667,0.5,0.333333333333333,3,2
"645","{1st cust - lasci / 2,silver} => {foundation}",0.166666666666667,0.5,0.333333333333333,3,2
"681","{1st cust-lasci /2nd,1st cust-lasu/ 2nd c} => {foundation}",0.166666666666667,0.4,0.416666666666667,2.4,2
"684","{1st cust-lasci /2nd,plus} => {foundation}",0.166666666666667,0.4,0.416666666666667,2.4,2
"687","{1st cust-lasci /2nd,gold} => {foundation}",0.166666666666667,0.5,0.333333333333333,3,2
"726","{1st cust-lasu/ 2nd c,plus} => {foundation}",0.166666666666667,0.333333333333333,0.5,2,2
"729","{1st cust-lasu/ 2nd c,gold} => {foundation}",0.166666666666667,0.285714285714286,0.583333333333333,1.71428571428571,2
"768","{gold,plus} => {foundation}",0.166666666666667,0.285714285714286,0.583333333333333,1.71428571428571,2
"771","{1st cust - lasci / 2,plus} => {foundation}",0.166666666666667,0.285714285714286,0.583333333333333,1.71428571428571,2
"807","{1st cust - lasci / 2,gold} => {foundation}",0.166666666666667,0.25,0.666666666666667,1.5,2
"965","{bronze,select} => {1st cust lasci / 2nd}",0.0833333333333333,1,0.0833333333333333,2.4,1
"966","{1st cust lasci / 2nd,select} => {bronze}",0.0833333333333333,1,0.0833333333333333,3,1
"967","{1st cust lasci / 2nd,bronze} => {select}",0.0833333333333333,0.5,0.166666666666667,3,1
"976","{1st cust-lasu/ 2nd c,bronze} => {select}",0.0833333333333333,0.5,0.166666666666667,3,1
"982","{bronze,gold} => {select}",0.0833333333333333,0.333333333333333,0.25,2,1
"985","{1st cust - lasci / 2,bronze} => {select}",0.0833333333333333,0.333333333333333,0.25,2,1
"1024","{1st cust lasu / 2nd,silver} => {select}",0.166666666666667,0.666666666666667,0.25,4,2
"1027","{1st cust-lasci /2nd,1st cust lasu / 2nd} => {select}",0.166666666666667,0.666666666666667,0.25,4,2
"1030","{1st cust-lasu/ 2nd c,1st cust lasu / 2nd} => {select}",0.166666666666667,0.666666666666667,0.25,4,2
"1039","{1st cust - lasci / 2,1st cust lasu / 2nd} => {select}",0.166666666666667,0.666666666666667,0.25,4,2
"1112","{1st cust-lasci /2nd,silver} => {select}",0.166666666666667,0.666666666666667,0.25,4,2
"1115","{1st cust-lasu/ 2nd c,silver} => {select}",0.166666666666667,0.5,0.333333333333333,3,2
"1124","{1st cust - lasci / 2,silver} => {select}",0.166666666666667,0.5,0.333333333333333,3,2
"1160","{1st cust-lasci /2nd,1st cust-lasu/ 2nd c} => {select}",0.166666666666667,0.4,0.416666666666667,2.4,2
"1163","{1st cust-lasci /2nd,plus} => {select}",0.166666666666667,0.4,0.416666666666667,2.4,2
"1166","{1st cust-lasci /2nd,gold} => {select}",0.166666666666667,0.5,0.333333333333333,3,2
"1205","{1st cust-lasu/ 2nd c,plus} => {select}",0.166666666666667,0.333333333333333,0.5,2,2
"1208","{1st cust-lasu/ 2nd c,gold} => {select}",0.166666666666667,0.285714285714286,0.583333333333333,1.71428571428571,2
"1247","{gold,plus} => {select}",0.166666666666667,0.285714285714286,0.583333333333333,1.71428571428571,2
"1250","{1st cust - lasci / 2,plus} => {select}",0.166666666666667,0.285714285714286,0.583333333333333,1.71428571428571,2
"1286","{1st cust - lasci / 2,gold} => {select}",0.166666666666667,0.25,0.666666666666667,1.5,2
"1444","{1st cust lasu / 2nd,bronze} => {silver}",0.166666666666667,1,0.166666666666667,2.4,2
"1445","{bronze,silver} => {1st cust lasu / 2nd}",0.166666666666667,0.666666666666667,0.25,2,2
"1446","{1st cust lasu / 2nd,silver} => {bronze}",0.166666666666667,0.666666666666667,0.25,2,2
"1457","{bronze,gold} => {1st cust lasu / 2nd}",0.166666666666667,0.666666666666667,0.25,2,2
"1495","{1st cust lasci / 2nd,bronze} => {silver}",0.166666666666667,1,0.166666666666667,2.4,2
"1496","{bronze,silver} => {1st cust lasci / 2nd}",0.166666666666667,0.666666666666667,0.25,1.6,2
"1497","{1st cust lasci / 2nd,silver} => {bronze}",0.166666666666667,0.666666666666667,0.25,2,2
"1498","{1st cust lasci / 2nd,bronze} => {1st cust-lasci /2nd}",0.166666666666667,1,0.166666666666667,2,2
"1499","{1st cust-lasci /2nd,bronze} => {1st cust lasci / 2nd}",0.166666666666667,0.666666666666667,0.25,1.6,2
"1500","{1st cust-lasci /2nd,1st cust lasci / 2nd} => {bronze}",0.166666666666667,0.666666666666667,0.25,2,2
"1502","{1st cust-lasu/ 2nd c,bronze} => {1st cust lasci / 2nd}",0.166666666666667,1,0.166666666666667,2.4,2
"1508","{bronze,gold} => {1st cust lasci / 2nd}",0.166666666666667,0.666666666666667,0.25,1.6,2
"1511","{1st cust - lasci / 2,bronze} => {1st cust lasci / 2nd}",0.166666666666667,0.666666666666667,0.25,1.6,2
"1548","{1st cust-lasci /2nd,silver} => {bronze}",0.166666666666667,0.666666666666667,0.25,2,2
"1550","{1st cust-lasu/ 2nd c,bronze} => {silver}",0.166666666666667,1,0.166666666666667,2.4,2
"1556","{bronze,gold} => {silver}",0.25,1,0.25,2.4,3
"1595","{1st cust-lasu/ 2nd c,bronze} => {1st cust-lasci /2nd}",0.166666666666667,1,0.166666666666667,2,2
"1599","{1st cust-lasci /2nd,plus} => {bronze}",0.25,0.6,0.416666666666667,1.8,3
"1604","{1st cust - lasci / 2,bronze} => {1st cust-lasci /2nd}",0.25,1,0.25,2,3
"1642","{1st cust-lasu/ 2nd c,bronze} => {gold}",0.166666666666667,1,0.166666666666667,1.33333333333333,2
"1957","{1st cust lasci / 2nd,1st cust lasu / 2nd} => {1st cust-lasci /2nd}",0.166666666666667,1,0.166666666666667,2,2
"1958","{1st cust-lasci /2nd,1st cust lasu / 2nd} => {1st cust lasci / 2nd}",0.166666666666667,0.666666666666667,0.25,1.6,2
"1959","{1st cust-lasci /2nd,1st cust lasci / 2nd} => {1st cust lasu / 2nd}",0.166666666666667,0.666666666666667,0.25,2,2
"1961","{1st cust-lasu/ 2nd c,1st cust lasu / 2nd} => {1st cust lasci / 2nd}",0.166666666666667,0.666666666666667,0.25,1.6,2
"1970","{1st cust - lasci / 2,1st cust lasu / 2nd} => {1st cust lasci / 2nd}",0.166666666666667,0.666666666666667,0.25,1.6,2
"2007","{1st cust-lasci /2nd,silver} => {1st cust lasu / 2nd}",0.166666666666667,0.666666666666667,0.25,2,2
"2053","{1st cust-lasci /2nd,1st cust lasu / 2nd} => {1st cust-lasu/ 2nd c}",0.25,1,0.25,1.5,3
"2054","{1st cust-lasu/ 2nd c,1st cust lasu / 2nd} => {1st cust-lasci /2nd}",0.25,1,0.25,2,3
"2055","{1st cust-lasci /2nd,1st cust-lasu/ 2nd c} => {1st cust lasu / 2nd}",0.25,0.6,0.416666666666667,1.8,3
"2058","{1st cust-lasci /2nd,plus} => {1st cust lasu / 2nd}",0.25,0.6,0.416666666666667,1.8,3
"2061","{1st cust-lasci /2nd,gold} => {1st cust lasu / 2nd}",0.25,0.75,0.333333333333333,2.25,3
"2063","{1st cust - lasci / 2,1st cust lasu / 2nd} => {1st cust-lasci /2nd}",0.25,1,0.25,2,3
"2105","{1st cust - lasci / 2,1st cust lasu / 2nd} => {1st cust-lasu/ 2nd c}",0.25,1,0.25,1.5,3
"2142","{gold,plus} => {1st cust lasu / 2nd}",0.333333333333333,0.571428571428571,0.583333333333333,1.71428571428571,4
"2413","{1st cust lasci / 2nd,silver} => {1st cust-lasci /2nd}",0.166666666666667,0.666666666666667,0.25,1.33333333333333,2
"2414","{1st cust-lasci /2nd,1st cust lasci / 2nd} => {silver}",0.166666666666667,0.666666666666667,0.25,1.6,2
"2415","{1st cust-lasci /2nd,silver} => {1st cust lasci / 2nd}",0.166666666666667,0.666666666666667,0.25,1.6,2
"2418","{1st cust-lasu/ 2nd c,silver} => {1st cust lasci / 2nd}",0.25,0.75,0.333333333333333,1.8,3
"2420","{1st cust lasci / 2nd,plus} => {silver}",0.25,0.75,0.333333333333333,1.8,3
"2427","{1st cust - lasci / 2,silver} => {1st cust lasci / 2nd}",0.25,0.75,0.333333333333333,1.8,3
"2464","{1st cust-lasci /2nd,1st cust lasci / 2nd} => {plus}",0.25,1,0.25,1.5,3
"2465","{1st cust lasci / 2nd,plus} => {1st cust-lasci /2nd}",0.25,0.75,0.333333333333333,1.5,3
"2466","{1st cust-lasci /2nd,plus} => {1st cust lasci / 2nd}",0.25,0.6,0.416666666666667,1.44,3
"2469","{1st cust-lasci /2nd,gold} => {1st cust lasci / 2nd}",0.25,0.75,0.333333333333333,1.8,3
"2508","{1st cust-lasu/ 2nd c,plus} => {1st cust lasci / 2nd}",0.333333333333333,0.666666666666667,0.5,1.6,4
"2511","{1st cust-lasu/ 2nd c,gold} => {1st cust lasci / 2nd}",0.416666666666667,0.714285714285714,0.583333333333333,1.71428571428571,5
"2550","{gold,plus} => {1st cust lasci / 2nd}",0.333333333333333,0.571428571428571,0.583333333333333,1.37142857142857,4
"2553","{1st cust - lasci / 2,plus} => {1st cust lasci / 2nd}",0.333333333333333,0.571428571428571,0.583333333333333,1.37142857142857,4
"2589","{1st cust - lasci / 2,gold} => {1st cust lasci / 2nd}",0.416666666666667,0.625,0.666666666666667,1.5,5
"2821","{1st cust-lasci /2nd,silver} => {1st cust-lasu/ 2nd c}",0.25,1,0.25,1.5,3
"2822","{1st cust-lasu/ 2nd c,silver} => {1st cust-lasci /2nd}",0.25,0.75,0.333333333333333,1.5,3
"2823","{1st cust-lasci /2nd,1st cust-lasu/ 2nd c} => {silver}",0.25,0.6,0.416666666666667,1.44,3
"2829","{1st cust-lasci /2nd,gold} => {silver}",0.25,0.75,0.333333333333333,1.8,3
"2831","{1st cust - lasci / 2,silver} => {1st cust-lasci /2nd}",0.25,0.75,0.333333333333333,1.5,3
"2868","{1st cust-lasu/ 2nd c,plus} => {silver}",0.333333333333333,0.666666666666667,0.5,1.6,4
"2871","{1st cust-lasu/ 2nd c,gold} => {silver}",0.333333333333333,0.571428571428571,0.583333333333333,1.37142857142857,4
"2873","{1st cust - lasci / 2,silver} => {1st cust-lasu/ 2nd c}",0.333333333333333,1,0.333333333333333,1.5,4
"2910","{gold,plus} => {silver}",0.416666666666667,0.714285714285714,0.583333333333333,1.71428571428571,5
"3183","{1st cust-lasu/ 2nd c,plus} => {1st cust-lasci /2nd}",0.333333333333333,0.666666666666667,0.5,1.33333333333333,4
"3185","{1st cust-lasci /2nd,gold} => {1st cust-lasu/ 2nd c}",0.333333333333333,1,0.333333333333333,1.5,4
"3224","{1st cust-lasci /2nd,gold} => {plus}",0.333333333333333,1,0.333333333333333,1.5,4
"3228","{1st cust - lasci / 2,plus} => {1st cust-lasci /2nd}",0.416666666666667,0.714285714285714,0.583333333333333,1.42857142857143,5
"3496","{1st cust-lasu/ 2nd c,plus} => {gold}",0.5,1,0.5,1.33333333333333,6
"3497","{1st cust-lasu/ 2nd c,gold} => {plus}",0.5,0.857142857142857,0.583333333333333,1.28571428571429,6
"3498","{gold,plus} => {1st cust-lasu/ 2nd c}",0.5,0.857142857142857,0.583333333333333,1.28571428571429,6
"3501","{1st cust - lasci / 2,plus} => {1st cust-lasu/ 2nd c}",0.5,0.857142857142857,0.583333333333333,1.28571428571429,6
"3537","{1st cust - lasci / 2,gold} => {1st cust-lasu/ 2nd c}",0.583333333333333,0.875,0.666666666666667,1.3125,7
"5776","{1st cust - lasci / 2,bronze,gold} => {foundation}",0.0833333333333333,0.5,0.166666666666667,3,1
"7565","{1st cust-lasci /2nd,1st cust-lasu/ 2nd c,plus} => {foundation}",0.166666666666667,0.5,0.333333333333333,3,2
"8349","{1st cust - lasci / 2,gold,plus} => {foundation}",0.166666666666667,0.333333333333333,0.5,2,2
"9530","{1st cust lasci / 2nd,1st cust lasu / 2nd,bronze} => {select}",0.0833333333333333,1,0.0833333333333333,6,1
"9538","{1st cust-lasci /2nd,1st cust lasu / 2nd,bronze} => {select}",0.0833333333333333,1,0.0833333333333333,6,1
"9542","{1st cust-lasu/ 2nd c,1st cust lasu / 2nd,bronze} => {select}",0.0833333333333333,1,0.0833333333333333,6,1
"9554","{1st cust - lasci / 2,1st cust lasu / 2nd,bronze} => {select}",0.0833333333333333,1,0.0833333333333333,6,1
"9902","{1st cust - lasci / 2,bronze,gold} => {select}",0.0833333333333333,0.5,0.166666666666667,3,1
"10214","{1st cust lasci / 2nd,1st cust lasu / 2nd,silver} => {select}",0.0833333333333333,1,0.0833333333333333,6,1
"10282","{1st cust-lasci /2nd,1st cust lasu / 2nd,silver} => {select}",0.166666666666667,1,0.166666666666667,6,2
"10286","{1st cust-lasu/ 2nd c,1st cust lasu / 2nd,silver} => {select}",0.166666666666667,1,0.166666666666667,6,2
"10298","{1st cust - lasci / 2,1st cust lasu / 2nd,silver} => {select}",0.166666666666667,1,0.166666666666667,6,2
"11759","{1st cust-lasci /2nd,1st cust-lasu/ 2nd c,plus} => {select}",0.166666666666667,0.5,0.333333333333333,3,2
"12543","{1st cust - lasci / 2,gold,plus} => {select}",0.166666666666667,0.333333333333333,0.5,2,2
"13724","{1st cust lasci / 2nd,1st cust lasu / 2nd,silver} => {bronze}",0.0833333333333333,1,0.0833333333333333,3,1
"13726","{1st cust-lasci /2nd,1st cust lasu / 2nd,bronze} => {1st cust lasci / 2nd}",0.0833333333333333,1,0.0833333333333333,2.4,1
"13742","{1st cust - lasci / 2,1st cust lasu / 2nd,bronze} => {1st cust lasci / 2nd}",0.0833333333333333,1,0.0833333333333333,2.4,1
"14335","{1st cust-lasci /2nd,bronze,silver} => {1st cust lasci / 2nd}",0.166666666666667,1,0.166666666666667,2.4,2
"14336","{1st cust-lasci /2nd,1st cust lasci / 2nd,silver} => {bronze}",0.166666666666667,1,0.166666666666667,3,2
"14351","{1st cust - lasci / 2,bronze,silver} => {1st cust lasci / 2nd}",0.166666666666667,1,0.166666666666667,2.4,2
"14407","{1st cust-lasci /2nd,bronze,gold} => {1st cust lasci / 2nd}",0.166666666666667,1,0.166666666666667,2.4,2
"14567","{1st cust - lasci / 2,bronze,gold} => {1st cust lasci / 2nd}",0.166666666666667,1,0.166666666666667,2.4,2
"15831","{1st cust - lasci / 2,bronze,gold} => {1st cust-lasu/ 2nd c}",0.166666666666667,1,0.166666666666667,1.5,2
"18624","{1st cust-lasci /2nd,1st cust-lasu/ 2nd c,plus} => {1st cust lasu / 2nd}",0.25,0.75,0.333333333333333,2.25,3
"21344","{1st cust-lasci /2nd,1st cust-lasu/ 2nd c,plus} => {1st cust lasci / 2nd}",0.25,0.75,0.333333333333333,1.8,3
"22128","{1st cust - lasci / 2,gold,plus} => {1st cust lasci / 2nd}",0.333333333333333,0.666666666666667,0.5,1.6,4
"23584","{1st cust-lasci /2nd,1st cust-lasu/ 2nd c,plus} => {silver}",0.25,0.75,0.333333333333333,1.8,3
"27644","{1st cust - lasci / 2,gold,plus} => {1st cust-lasu/ 2nd c}",0.5,1,0.5,1.5,6
